{
  "(4, 3)": {
    "mean_losses": 0.00511822709813714,
    "mean_pearson_correlations": [
      [
        0.9999999999999996,
        -0.0041306507938091925,
        0.017469684191015963,
        -0.01968797436812519,
        -0.10672915772432966
      ],
      [
        -0.004130650793809194,
        1.0,
        -0.05848322873770342,
        -0.015108719731790763,
        -0.012249083129628807
      ],
      [
        0.017469684191015963,
        -0.05848322873770342,
        0.9999999999999861,
        -0.08058573293593813,
        -0.07339473031422142
      ],
      [
        -0.01968797436812519,
        -0.015108719731790758,
        -0.08058573293593861,
        0.9999999999999996,
        0.0894067358271693
      ],
      [
        -0.10672915772432962,
        -0.012249083129628803,
        -0.07339473031422167,
        0.08940673582716933,
        1.0
      ]
    ],
    "mean_real_fourier_pearson_correlations": [
      [
        1.0,
        -0.01991404948894783,
        0.06648925478695064,
        -0.13699177291034464
      ],
      [
        -0.019914049488947823,
        1.0,
        0.04564022725179296,
        -0.016395001066341376
      ],
      [
        0.06648925478695071,
        0.04564022725179293,
        1.0,
        -0.0022382937774770495
      ],
      [
        -0.13699177291034462,
        -0.01639500106634137,
        -0.002238293777477025,
        1.0
      ]
    ],
    "mean_imag_fourier_pearson_correlations": [
      [
        1.0,
        -0.05690160322563807,
        -0.07539715496480896,
        -0.023046524783071273
      ],
      [
        -0.05690160322563807,
        1.0,
        -0.2024302718851114,
        0.0033630957290550502
      ],
      [
        -0.07539715496480896,
        -0.2024302718851114,
        1.0,
        0.07807589016347923
      ],
      [
        -0.023046524783071273,
        0.0033630957290550502,
        0.07807589016347923,
        1.0
      ]
    ],
    "mean_distance_correlations": [
      [
        1.0,
        0.36007904342048813,
        0.3339266406409747,
        0.3475083241672241,
        0.34224280222666115
      ],
      [
        0.36007904342048813,
        1.0,
        0.6011529666374795,
        0.6711554343042652,
        0.6575967567287259
      ],
      [
        0.3339266406409747,
        0.6011529666374795,
        1.0,
        0.5696034657555138,
        0.5884202611368657
      ],
      [
        0.3475083241672241,
        0.6711554343042653,
        0.569603465755514,
        1.0,
        0.6652646878104786
      ],
      [
        0.3422428022266611,
        0.6575967567287259,
        0.5884202611368657,
        0.6652646878104786,
        1.0
      ]
    ],
    "mean_real_fourier_distance_correlations": [
      [
        1.0,
        0.6736805666679238,
        0.7275506665841439,
        0.6797101358622732
      ],
      [
        0.6736805666679238,
        1.0,
        0.8233731691106722,
        0.8629906817159552
      ],
      [
        0.7275506665841439,
        0.8233731691106722,
        1.0,
        0.838747121206729
      ],
      [
        0.6797101358622732,
        0.8629906817159552,
        0.838747121206729,
        1.0
      ]
    ],
    "mean_imag_fourier_distance_correlations": [
      [
        1.0,
        0.7556288455562254,
        0.7871086568067236,
        0.734104028880778
      ],
      [
        0.7556288455562254,
        1.0,
        0.8057555942978628,
        0.8248879924621666
      ],
      [
        0.7871086568067236,
        0.8057555942978628,
        1.0,
        0.8012036195639212
      ],
      [
        0.734104028880778,
        0.8248879924621666,
        0.8012036195639212,
        1.0
      ]
    ],
    "mean_mutual_info": [
      [
        3.677377517639621,
        0.8812193603882001,
        0.7840534378675552,
        0.9197788188690177,
        0.7943218998877727
      ],
      [
        0.8812193603882001,
        3.677377517639621,
        1.7965588280833453,
        1.8523141564797916,
        1.7450175972418973
      ],
      [
        0.7840534378675552,
        1.7965588280833453,
        3.677377517639621,
        1.6220869095207007,
        1.5969736129327332
      ],
      [
        0.9197788188690177,
        1.8523141564797918,
        1.6220869095207007,
        3.6773775176396204,
        1.7196894584382314
      ],
      [
        0.7943218998877728,
        1.7450175972418973,
        1.5969736129327332,
        1.7196894584382314,
        3.6773775176396204
      ]
    ],
    "mean_real_fourier_mutual_info": [
      [
        0.31028571428571433,
        0.11266666666666675,
        0.13123809523809535,
        0.07000000000000008
      ],
      [
        0.1145714285714287,
        0.7471428571428571,
        0.10942857142857143,
        0.13933333333333334
      ],
      [
        0.1509523809523811,
        0.10942857142857142,
        0.7419047619047621,
        0.08595238095238099
      ],
      [
        0.06676190476190483,
        0.1393333333333333,
        0.08595238095238099,
        0.7266666666666667
      ]
    ],
    "mean_complex_fourier_mutual_info": [
      [
        0.3211428571428573,
        0.20852380952380956,
        0.20028571428571426,
        0.1493333333333333
      ],
      [
        0.19923809523809524,
        0.6764285714285713,
        0.23642857142857138,
        0.2075238095238095
      ],
      [
        0.21780952380952381,
        0.23119047619047617,
        0.9499999999999997,
        0.14642857142857144
      ],
      [
        0.148,
        0.2048571428571428,
        0.14642857142857144,
        0.9499999999999997
      ]
    ],
    "mean_cross_correlations": [
      [
        3440.39404296875,
        8.277715960916632,
        10.192410172176354,
        6.839116057383688,
        21.021396586089786
      ],
      [
        8.277715960916632,
        34.47944061271589,
        1.1547210027037196,
        0.4942230717889061,
        0.18349549800907744
      ],
      [
        10.192410172176354,
        1.1547210027037196,
        29.392531028326694,
        1.165505572309507,
        0.04340322203804869
      ],
      [
        6.839116057383688,
        0.4942230717889061,
        1.165505572309507,
        28.46537308182613,
        1.4129025665283013
      ],
      [
        21.021396586089786,
        0.18349549800907744,
        0.04340322203804869,
        1.4129025665283013,
        3.542454505747529
      ]
    ],
    "mean_real_fourier_cross_correlations": [
      [
        0.25440610228593785,
        0.006314917900875084,
        0.0029356437107829203,
        0.004864083575335052
      ],
      [
        0.006314917900875084,
        0.2104639307971761,
        0.016053489852954267,
        0.001769348718673065
      ],
      [
        0.0029356437107829203,
        0.016053489852954267,
        0.17472278552461984,
        0.011347157589452922
      ],
      [
        0.004864083575335052,
        0.001769348718673065,
        0.011347157589452922,
        0.14903958064734224
      ]
    ],