{
  "(4, 3)": {
    "mean_losses": 0.002792208455502987,
    "mean_pearson_correlations": [
      [
        0.9999999999999996,
        0.022317750273682282,
        -0.010123332871505743,
        -0.015363206150249768,
        -0.08015762857098023
      ],
      [
        0.022317750273682282,
        1.0,
        -0.07463148476200664,
        -0.0387607789470489,
        -0.11027892677921174
      ],
      [
        -0.01012333287150574,
        -0.07463148476200664,
        0.9999999999999999,
        -0.008488621899337759,
        0.045402075558475
      ],
      [
        -0.015363206150249768,
        -0.038760778947048886,
        -0.008488621899337767,
        0.9999999999999999,
        0.15074716061294727
      ],
      [
        -0.08015762857098023,
        -0.1102789267792117,
        0.04540207555847498,
        0.15074716061294727,
        1.0
      ]
    ],
    "mean_real_fourier_pearson_correlations": [
      [
        1.0,
        0.0014284848701155584,
        -0.007752584556679995,
        -0.15843656973654452
      ],
      [
        0.0014284848701155638,
        1.0,
        -0.026288281075797202,
        -0.024803097859243315
      ],
      [
        -0.007752584556680029,
        -0.026288281075797174,
        1.0,
        -0.01352572534640851
      ],
      [
        -0.15843656973654452,
        -0.024803097859243315,
        -0.013525725346408501,
        1.0
      ]
    ],
    "mean_imag_fourier_pearson_correlations": [
      [
        1.0,
        -0.0724894801646431,
        -0.09863716407235042,
        -0.08021206215118085
      ],
      [
        -0.0724894801646431,
        1.0,
        -0.10717008191327247,
        -0.10653021887315131
      ],
      [
        -0.09863716407235042,
        -0.10717008191327246,
        1.0,
        0.03866307022650981
      ],
      [
        -0.08021206215118085,
        -0.10653021887315131,
        0.038663070226509826,
        1.0
      ]
    ],
    "mean_distance_correlations": [
      [
        1.0,
        0.3592340617386234,
        0.3339760480580927,
        0.3380149719200245,
        0.33035299335944224
      ],
      [
        0.3592340617386234,
        1.0,
        0.6045439547349577,
        0.6378687813494942,
        0.6225176681965016
      ],
      [
        0.3339760480580927,
        0.6045439547349577,
        1.0,
        0.5782949928045278,
        0.5644624167111347
      ],
      [
        0.3380149719200245,
        0.6378687813494942,
        0.5782949928045278,
        1.0,
        0.6450129576962297
      ],
      [
        0.3303529933594422,
        0.6225176681965017,
        0.5644624167111347,
        0.6450129576962297,
        1.0
      ]
    ],
    "mean_real_fourier_distance_correlations": [
      [
        1.0,
        0.6965319832706743,
        0.7557614578478165,
        0.7075476395991409
      ],
      [
        0.6965319832706743,
        1.0,
        0.8655369021753603,
        0.8819997598191367
      ],
      [
        0.7557614578478165,
        0.8655369021753603,
        1.0,
        0.8779864990246776
      ],
      [
        0.7075476395991409,
        0.8819997598191367,
        0.8779864990246776,
        1.0
      ]
    ],
    "mean_imag_fourier_distance_correlations": [
      [
        1.0,
        0.7024684614090058,
        0.751160037899077,
        0.7439001892070292
      ],
      [
        0.7024684614090058,
        1.0,
        0.7460825569191779,
        0.8026356331040314
      ],
      [
        0.751160037899077,
        0.7460825569191779,
        1.0,
        0.7861839827899588
      ],
      [
        0.7439001892070292,
        0.8026356331040314,
        0.7861839827899588,
        1.0
      ]
    ],
    "mean_mutual_info": [
      [
        3.677377517639621,
        0.8511465619328726,
        0.8055645218956468,
        0.8890301990623811,
        0.7453996335897584
      ],
      [
        0.8511465619328726,
        3.677377517639621,
        1.7642440033389208,
        1.7241234206683098,
        1.6672053413263486
      ],
      [
        0.8055645218956468,
        1.7642440033389208,
        3.677377517639621,
        1.56585013804792,
        1.4576994539432462
      ],
      [
        0.889030199062381,
        1.7241234206683094,
        1.56585013804792,
        3.6773775176396204,
        1.629176910965631
      ],
      [
        0.7453996335897582,
        1.6672053413263486,
        1.4576994539432462,
        1.629176910965631,
        3.6773775176396204
      ]
    ],
    "mean_real_fourier_mutual_info": [
      [
        0.3007142857142857,
        0.0998095238095239,
        0.16857142857142868,
        0.08742857142857147
      ],
      [
        0.08580952380952395,
        0.7485714285714287,
        0.09890476190476191,
        0.12923809523809526
      ],
      [
        0.18123809523809536,
        0.09890476190476193,
        0.7261904761904762,
        0.10523809523809524
      ],
      [
        0.1020000000000001,
        0.12923809523809526,
        0.10523809523809524,
        0.75
      ]
    ],
    "mean_complex_fourier_mutual_info": [
      [
        0.32471428571428573,
        0.18704761904761905,
        0.17533333333333329,
        0.1621904761904762
      ],
      [
        0.19485714285714276,
        0.6778571428571428,
        0.12861904761904763,
        0.21014285714285713
      ],
      [
        0.14257142857142857,
        0.12466666666666665,
        0.9499999999999997,
        0.14323809523809525
      ],
      [
        0.16933333333333336,
        0.20485714285714285,
        0.14323809523809525,
        0.9499999999999997
      ]
    ],
    "mean_cross_correlations": [
      [
        3440.39404296875,
        9.794884774816921,
        7.914689947273112,
        6.287119714453545,
        23.313513876595167
      ],
      [
        9.794884774816921,
        27.91535526671243,
        0.7790290801966268,
        0.35687579975810174,
        0.38342399132150257
      ],
      [
        7.914689947273112,
        0.7790290801966268,
        18.592845029807812,
        0.2770377322585502,
        0.5040129329826953
      ],
      [
        6.287119714453545,
        0.35687579975810185,
        0.27703773225855033,
        13.939213949731563,
        1.1614949854461913
      ],
      [
        23.313513876595167,
        0.38342399132150257,
        0.5040129329826953,
        1.1614949854461913,
        3.817441849686363
      ]
    ],
    "mean_real_fourier_cross_correlations": [
      [
        0.19540074715006933,
        0.0015037810791925174,
        -3.3015628112012467e-19,
        0.0016477720483351627
      ],
      [
        0.0015037810791925176,
        0.12589611618089674,
        0.009319627876779401,
        0.007947739555836254
      ],
      [
        -3.3015628112012467e-19,
        0.009319627876779401,
        0.07366701768754436,
        0.009397353027752195
      ],
      [
        0.0016477720483351623,
        0.007947739555836254,
        0.009397353027752195,
        0.08220366339437403
      ]
    ],