{
  "(4, 3)": {
    "mean_losses": 0.3582781255245209,
    "mean_pearson_correlations": [
      [
        0.9999999999999996,
        -0.10619289529892685,
        -0.10453274422717834,
        -0.10611572554548061,
        -0.1474634430800095
      ],
      [
        -0.10619289529892685,
        1.0,
        0.9931186271523207,
        0.9997268260229992,
        0.8821474666824404
      ],
      [
        -0.10453274422717834,
        0.9931186271523207,
        1.0,
        0.993035345546145,
        0.8764533481148691
      ],
      [
        -0.10611572554548063,
        0.9997268260229992,
        0.9930353455461451,
        0.9999999999999999,
        0.8817878909244135
      ],
      [
        -0.14746344308000944,
        0.8821474666824405,
        0.8764533481148691,
        0.8817878909244135,
        0.9999999999999986
      ]
    ],
    "mean_real_fourier_pearson_correlations": [
      [
        1.0,
        0.9866132687421545,
        0.9505105457232886,
        0.969142142778243
      ],
      [
        0.9866132687421545,
        1.0,
        0.9404028728596578,
        0.9555325212656882
      ],
      [
        0.9505105457232885,
        0.9404028728596578,
        1.0,
        0.8893088182647592
      ],
      [
        0.969142142778243,
        0.9555325212656882,
        0.8893088182647592,
        1.0
      ]
    ],
    "mean_imag_fourier_pearson_correlations": [
      [
        1.0,
        -0.005064621103747601,
        -0.020160263095401764,
        0.03328065624971364
      ],
      [
        -0.0050646211037476,
        1.0,
        0.13880650700255928,
        -0.3572639574315001
      ],
      [
        -0.020160263095401764,
        0.13880650700255928,
        1.0,
        -0.07621973426993675
      ],
      [
        0.03328065624971364,
        -0.3572639574315001,
        -0.07621973426993675,
        1.0
      ]
    ],
    "mean_distance_correlations": [
      [
        1.0,
        0.3683691108095257,
        0.3680390610051856,
        0.3680729406779399,
        0.3651923337196591
      ],
      [
        0.3683691108095257,
        1.0,
        0.9896260240644125,
        0.9991263567745905,
        0.845964983473709
      ],
      [
        0.3680390610051856,
        0.9896260240644125,
        1.0,
        0.9895441208477581,
        0.8464618859983737
      ],
      [
        0.3680729406779399,
        0.9991263567745904,
        0.9895441208477581,
        1.0,
        0.8455035695202457
      ],
      [
        0.3651923337196591,
        0.845964983473709,
        0.8464618859983737,
        0.8455035695202457,
        1.0
      ]
    ],
    "mean_real_fourier_distance_correlations": [
      [
        1.0,
        0.9746272196211703,
        0.9592181976630311,
        0.9497649227661789
      ],
      [
        0.9746272196211703,
        1.0,
        0.9808149804609831,
        0.9772921931749735
      ],
      [
        0.9592181976630311,
        0.9808149804609831,
        1.0,
        0.962409361369164
      ],
      [
        0.9497649227661789,
        0.9772921931749735,
        0.962409361369164,
        1.0
      ]
    ],
    "mean_imag_fourier_distance_correlations": [
      [
        1.0,
        0.4689349926305643,
        0.9170229850150128,
        0.4423475924595289
      ],
      [
        0.4689349926305643,
        1.0,
        0.68763567029507,
        0.9782200506736701
      ],
      [
        0.9170229850150128,
        0.68763567029507,
        1.0,
        0.6684365318630028
      ],
      [
        0.4423475924595289,
        0.9782200506736701,
        0.6684365318630028,
        1.0
      ]
    ],
    "mean_mutual_info": [
      [
        3.677377517639621,
        0.8691242089171137,
        0.9267202960622207,
        0.8787248363845851,
        1.0436314911073101
      ],
      [
        0.8691242089171137,
        3.677377517639621,
        2.5863403869232373,
        3.18088394621105,
        2.125927718466016
      ],
      [
        0.9267202960622207,
        2.5863403869232373,
        3.677377517639621,
        2.5763908919579417,
        2.12705655668145
      ],
      [
        0.8787248363845851,
        3.18088394621105,
        2.5763908919579417,
        3.6773775176396204,
        2.1247436485831086
      ],
      [
        1.04363149110731,
        2.125927718466016,
        2.1270565566814503,
        2.1247436485831086,
        3.6773775176396204
      ]
    ],
    "mean_real_fourier_mutual_info": [
      [
        0.2807142857142857,
        0.29676190476190484,
        0.2723809523809523,
        0.3296190476190477
      ],
      [
        0.30819047619047624,
        0.740952380952381,
        0.34780952380952374,
        0.35380952380952385
      ],
      [
        0.28952380952380957,
        0.34780952380952385,
        0.6952380952380952,
        0.24176190476190473
      ],
      [
        0.2951428571428572,
        0.35380952380952385,
        0.24176190476190473,
        0.8357142857142855
      ]
    ],
    "mean_complex_fourier_mutual_info": [
      [
        0.31185714285714294,
        0.1109523809523809,
        0.2737142857142857,
        0.042476190476190466
      ],
      [
        0.08619047619047614,
        0.723095238095238,
        0.24847619047619035,
        0.3274761904761904
      ],
      [
        0.2808571428571429,
        0.24561904761904751,
        0.9499999999999997,
        0.14228571428571427
      ],
      [
        0.039142857142857146,
        0.3193809523809524,
        0.14228571428571427,
        0.9499999999999997
      ]
    ],
    "mean_cross_correlations": [
      [
        3440.39404296875,
        90.32582045938032,
        93.76507586906659,
        85.51110513559907,
        28.978853015106385
      ],
      [
        90.32582045938032,
        32.34918306184347,
        33.022729980927195,
        30.841122928507644,
        5.743796346005671
      ],
      [
        93.76507586906659,
        33.022729980927195,
        34.82125533130657,
        31.71579241607631,
        5.35527403059334
      ],
      [
        85.51110513559907,
        30.841122928507644,
        31.71579241607631,
        32.67380786744269,
        0.6744016518876988
      ],
      [
        28.978853015106385,
        5.743796346005671,
        5.35527403059334,
        0.6744016518876988,
        49.92318014318167
      ]
    ],
    "mean_real_fourier_cross_correlations": [
      [
        0.31304265662208586,
        0.319389725392998,
        0.29566967199387156,
        0.2760557711937328
      ],
      [
        0.319389725392998,
        0.3345039548642053,
        0.3037139632056635,
        0.2821148740295274
      ],
      [
        0.29566967199387156,
        0.3037139632056635,
        0.31182985409027164,
        0.24894175756108575
      ],
      [
        0.2760557711937328,
        0.2821148740295274,
        0.24894175756108575,
        0.25895990401851265
      ]
    ],
    "mean_complex_fourier_cross_correlations": [
      [
        5.8695439788019824e-05,
        8.837919385363712e-06,
        1.0542436332901534e-05,
        3.591619971274683e-05
      ],
      [
        8.837919385363712e-06,
        0.002441134636271347,
        3.720366323018656e-05,
        0.00027480170535165884
      ],
      [
        1.0542436332901534e-05,
        3.720366323018656e-05,
        0.000122392211548917,
        2.1261526918824947e-05
      ],
      [
        3.591619971274683e-05,
        0.00027480170535165884,
        2.1261526918824947e-05,
        0.001957530431855535
      ]
    ]
  }
}